<?xml version="1.0" encoding="UTF-8"?>
<project-private xmlns="http://www.netbeans.org/ns/project-private/1">
    <editor-bookmarks xmlns="http://www.netbeans.org/ns/editor-bookmarks/2" lastBookmarkId="0"/>
    <open-files xmlns="http://www.netbeans.org/ns/projectui-open-files/2">
        <group>
            <file>file:/C:/Users/juanc/Documents/NetBeansProjects/sisventaESQ/src/sisventaesq/SisventaESQ.java</file>
            <file>file:/C:/Users/juanc/Documents/NetBeansProjects/sisventaESQ/src/Vista/Login.java</file>
            <file>file:/C:/Users/juanc/Documents/NetBeansProjects/sisventaESQ/src/python/capturandoRostros.py</file>
            <file>file:/C:/Users/juanc/Documents/NetBeansProjects/sisventaESQ/src/python/ReconocimientoFacial.py</file>
            <file>file:/C:/Users/juanc/Documents/NetBeansProjects/sisventaESQ/src/Vista/Sistema.java</file>
            <file>file:/C:/Users/juanc/Documents/NetBeansProjects/sisventaESQ/src/python/entrenandoRF.py</file>
        </group>
    </open-files>
</project-private>
